Henry_AH_S4	R1	/n/holylfs05/LABS/hopkins_lab/Lab/RAW_DATA/_incoming/raw_rnaseq-Phlox_resources/Henry_rnaseq/raw_sequences/Henry_AH_S4_L001_R1_001.fastq.gz
Henry_AH_S4	R2	/n/holylfs05/LABS/hopkins_lab/Lab/RAW_DATA/_incoming/raw_rnaseq-Phlox_resources/Henry_rnaseq/raw_sequences/Henry_AH_S4_L001_R2_001.fastq.gz
Henry_AH_S4	R1	/n/holylfs05/LABS/hopkins_lab/Lab/RAW_DATA/_incoming/raw_rnaseq-Phlox_resources/Henry_rnaseq/raw_sequences/Henry_AH_S4_L002_R1_001.fastq.gz
Henry_AH_S4	R2	/n/holylfs05/LABS/hopkins_lab/Lab/RAW_DATA/_incoming/raw_rnaseq-Phlox_resources/Henry_rnaseq/raw_sequences/Henry_AH_S4_L002_R2_001.fastq.gz
Henry_AIN_S5	R1	/n/holylfs05/LABS/hopkins_lab/Lab/RAW_DATA/_incoming/raw_rnaseq-Phlox_resources/Henry_rnaseq/raw_sequences/Henry_AIN_S5_L001_R1_001.fastq.gz
Henry_AIN_S5	R2	/n/holylfs05/LABS/hopkins_lab/Lab/RAW_DATA/_incoming/raw_rnaseq-Phlox_resources/Henry_rnaseq/raw_sequences/Henry_AIN_S5_L001_R2_001.fastq.gz
Henry_AIN_S5	R1	/n/holylfs05/LABS/hopkins_lab/Lab/RAW_DATA/_incoming/raw_rnaseq-Phlox_resources/Henry_rnaseq/raw_sequences/Henry_AIN_S5_L002_R1_001.fastq.gz
Henry_AIN_S5	R2	/n/holylfs05/LABS/hopkins_lab/Lab/RAW_DATA/_incoming/raw_rnaseq-Phlox_resources/Henry_rnaseq/raw_sequences/Henry_AIN_S5_L002_R2_001.fastq.gz
Henry_AIS_S3	R1	/n/holylfs05/LABS/hopkins_lab/Lab/RAW_DATA/_incoming/raw_rnaseq-Phlox_resources/Henry_rnaseq/raw_sequences/Henry_AIS_S3_L001_R1_001.fastq.gz
Henry_AIS_S3	R2	/n/holylfs05/LABS/hopkins_lab/Lab/RAW_DATA/_incoming/raw_rnaseq-Phlox_resources/Henry_rnaseq/raw_sequences/Henry_AIS_S3_L001_R2_001.fastq.gz
Henry_AIS_S3	R1	/n/holylfs05/LABS/hopkins_lab/Lab/RAW_DATA/_incoming/raw_rnaseq-Phlox_resources/Henry_rnaseq/raw_sequences/Henry_AIS_S3_L002_R1_001.fastq.gz
Henry_AIS_S3	R2	/n/holylfs05/LABS/hopkins_lab/Lab/RAW_DATA/_incoming/raw_rnaseq-Phlox_resources/Henry_rnaseq/raw_sequences/Henry_AIS_S3_L002_R2_001.fastq.gz
Henry_AO_S2	R1	/n/holylfs05/LABS/hopkins_lab/Lab/RAW_DATA/_incoming/raw_rnaseq-Phlox_resources/Henry_rnaseq/raw_sequences/Henry_AO_S2_L001_R1_001.fastq.gz
Henry_AO_S2	R2	/n/holylfs05/LABS/hopkins_lab/Lab/RAW_DATA/_incoming/raw_rnaseq-Phlox_resources/Henry_rnaseq/raw_sequences/Henry_AO_S2_L001_R2_001.fastq.gz
Henry_AO_S2	R1	/n/holylfs05/LABS/hopkins_lab/Lab/RAW_DATA/_incoming/raw_rnaseq-Phlox_resources/Henry_rnaseq/raw_sequences/Henry_AO_S2_L002_R1_001.fastq.gz
Henry_AO_S2	R2	/n/holylfs05/LABS/hopkins_lab/Lab/RAW_DATA/_incoming/raw_rnaseq-Phlox_resources/Henry_rnaseq/raw_sequences/Henry_AO_S2_L002_R2_001.fastq.gz
Henry_AS_S1	R1	/n/holylfs05/LABS/hopkins_lab/Lab/RAW_DATA/_incoming/raw_rnaseq-Phlox_resources/Henry_rnaseq/raw_sequences/Henry_AS_S1_L001_R1_001.fastq.gz
Henry_AS_S1	R2	/n/holylfs05/LABS/hopkins_lab/Lab/RAW_DATA/_incoming/raw_rnaseq-Phlox_resources/Henry_rnaseq/raw_sequences/Henry_AS_S1_L001_R2_001.fastq.gz
Henry_AS_S1	R1	/n/holylfs05/LABS/hopkins_lab/Lab/RAW_DATA/_incoming/raw_rnaseq-Phlox_resources/Henry_rnaseq/raw_sequences/Henry_AS_S1_L002_R1_001.fastq.gz
Henry_AS_S1	R2	/n/holylfs05/LABS/hopkins_lab/Lab/RAW_DATA/_incoming/raw_rnaseq-Phlox_resources/Henry_rnaseq/raw_sequences/Henry_AS_S1_L002_R2_001.fastq.gz
Henry_BIN_S18	R1	/n/holylfs05/LABS/hopkins_lab/Lab/RAW_DATA/_incoming/raw_rnaseq-Phlox_resources/Henry_rnaseq/raw_sequences/Henry_BIN_S18_L001_R1_001.fastq.gz
Henry_BIN_S18	R2	/n/holylfs05/LABS/hopkins_lab/Lab/RAW_DATA/_incoming/raw_rnaseq-Phlox_resources/Henry_rnaseq/raw_sequences/Henry_BIN_S18_L001_R2_001.fastq.gz
Henry_BIN_S18	R1	/n/holylfs05/LABS/hopkins_lab/Lab/RAW_DATA/_incoming/raw_rnaseq-Phlox_resources/Henry_rnaseq/raw_sequences/Henry_BIN_S18_L002_R1_001.fastq.gz
Henry_BIN_S18	R2	/n/holylfs05/LABS/hopkins_lab/Lab/RAW_DATA/_incoming/raw_rnaseq-Phlox_resources/Henry_rnaseq/raw_sequences/Henry_BIN_S18_L002_R2_001.fastq.gz
Henry_BIS_S17	R1	/n/holylfs05/LABS/hopkins_lab/Lab/RAW_DATA/_incoming/raw_rnaseq-Phlox_resources/Henry_rnaseq/raw_sequences/Henry_BIS_S17_L001_R1_001.fastq.gz
Henry_BIS_S17	R2	/n/holylfs05/LABS/hopkins_lab/Lab/RAW_DATA/_incoming/raw_rnaseq-Phlox_resources/Henry_rnaseq/raw_sequences/Henry_BIS_S17_L001_R2_001.fastq.gz
Henry_BIS_S17	R1	/n/holylfs05/LABS/hopkins_lab/Lab/RAW_DATA/_incoming/raw_rnaseq-Phlox_resources/Henry_rnaseq/raw_sequences/Henry_BIS_S17_L002_R1_001.fastq.gz
Henry_BIS_S17	R2	/n/holylfs05/LABS/hopkins_lab/Lab/RAW_DATA/_incoming/raw_rnaseq-Phlox_resources/Henry_rnaseq/raw_sequences/Henry_BIS_S17_L002_R2_001.fastq.gz
Henry_BO_S16	R1	/n/holylfs05/LABS/hopkins_lab/Lab/RAW_DATA/_incoming/raw_rnaseq-Phlox_resources/Henry_rnaseq/raw_sequences/Henry_BO_S16_L001_R1_001.fastq.gz
Henry_BO_S16	R2	/n/holylfs05/LABS/hopkins_lab/Lab/RAW_DATA/_incoming/raw_rnaseq-Phlox_resources/Henry_rnaseq/raw_sequences/Henry_BO_S16_L001_R2_001.fastq.gz
Henry_BO_S16	R1	/n/holylfs05/LABS/hopkins_lab/Lab/RAW_DATA/_incoming/raw_rnaseq-Phlox_resources/Henry_rnaseq/raw_sequences/Henry_BO_S16_L002_R1_001.fastq.gz
Henry_BO_S16	R2	/n/holylfs05/LABS/hopkins_lab/Lab/RAW_DATA/_incoming/raw_rnaseq-Phlox_resources/Henry_rnaseq/raw_sequences/Henry_BO_S16_L002_R2_001.fastq.gz
Henry_BS_S15	R1	/n/holylfs05/LABS/hopkins_lab/Lab/RAW_DATA/_incoming/raw_rnaseq-Phlox_resources/Henry_rnaseq/raw_sequences/Henry_BS_S15_L001_R1_001.fastq.gz
Henry_BS_S15	R2	/n/holylfs05/LABS/hopkins_lab/Lab/RAW_DATA/_incoming/raw_rnaseq-Phlox_resources/Henry_rnaseq/raw_sequences/Henry_BS_S15_L001_R2_001.fastq.gz
Henry_BS_S15	R1	/n/holylfs05/LABS/hopkins_lab/Lab/RAW_DATA/_incoming/raw_rnaseq-Phlox_resources/Henry_rnaseq/raw_sequences/Henry_BS_S15_L002_R1_001.fastq.gz
Henry_BS_S15	R2	/n/holylfs05/LABS/hopkins_lab/Lab/RAW_DATA/_incoming/raw_rnaseq-Phlox_resources/Henry_rnaseq/raw_sequences/Henry_BS_S15_L002_R2_001.fastq.gz
Henry_CIN_S22	R1	/n/holylfs05/LABS/hopkins_lab/Lab/RAW_DATA/_incoming/raw_rnaseq-Phlox_resources/Henry_rnaseq/raw_sequences/Henry_CIN_S22_L001_R1_001.fastq.gz
Henry_CIN_S22	R2	/n/holylfs05/LABS/hopkins_lab/Lab/RAW_DATA/_incoming/raw_rnaseq-Phlox_resources/Henry_rnaseq/raw_sequences/Henry_CIN_S22_L001_R2_001.fastq.gz
Henry_CIN_S22	R1	/n/holylfs05/LABS/hopkins_lab/Lab/RAW_DATA/_incoming/raw_rnaseq-Phlox_resources/Henry_rnaseq/raw_sequences/Henry_CIN_S22_L002_R1_001.fastq.gz
Henry_CIN_S22	R2	/n/holylfs05/LABS/hopkins_lab/Lab/RAW_DATA/_incoming/raw_rnaseq-Phlox_resources/Henry_rnaseq/raw_sequences/Henry_CIN_S22_L002_R2_001.fastq.gz
Henry_CIS_S21	R1	/n/holylfs05/LABS/hopkins_lab/Lab/RAW_DATA/_incoming/raw_rnaseq-Phlox_resources/Henry_rnaseq/raw_sequences/Henry_CIS_S21_L001_R1_001.fastq.gz
Henry_CIS_S21	R2	/n/holylfs05/LABS/hopkins_lab/Lab/RAW_DATA/_incoming/raw_rnaseq-Phlox_resources/Henry_rnaseq/raw_sequences/Henry_CIS_S21_L001_R2_001.fastq.gz
Henry_CIS_S21	R1	/n/holylfs05/LABS/hopkins_lab/Lab/RAW_DATA/_incoming/raw_rnaseq-Phlox_resources/Henry_rnaseq/raw_sequences/Henry_CIS_S21_L002_R1_001.fastq.gz
Henry_CIS_S21	R2	/n/holylfs05/LABS/hopkins_lab/Lab/RAW_DATA/_incoming/raw_rnaseq-Phlox_resources/Henry_rnaseq/raw_sequences/Henry_CIS_S21_L002_R2_001.fastq.gz
Henry_CO_S20	R1	/n/holylfs05/LABS/hopkins_lab/Lab/RAW_DATA/_incoming/raw_rnaseq-Phlox_resources/Henry_rnaseq/raw_sequences/Henry_CO_S20_L001_R1_001.fastq.gz
Henry_CO_S20	R2	/n/holylfs05/LABS/hopkins_lab/Lab/RAW_DATA/_incoming/raw_rnaseq-Phlox_resources/Henry_rnaseq/raw_sequences/Henry_CO_S20_L001_R2_001.fastq.gz
Henry_CO_S20	R1	/n/holylfs05/LABS/hopkins_lab/Lab/RAW_DATA/_incoming/raw_rnaseq-Phlox_resources/Henry_rnaseq/raw_sequences/Henry_CO_S20_L002_R1_001.fastq.gz
Henry_CO_S20	R2	/n/holylfs05/LABS/hopkins_lab/Lab/RAW_DATA/_incoming/raw_rnaseq-Phlox_resources/Henry_rnaseq/raw_sequences/Henry_CO_S20_L002_R2_001.fastq.gz
Henry_CS_S19	R1	/n/holylfs05/LABS/hopkins_lab/Lab/RAW_DATA/_incoming/raw_rnaseq-Phlox_resources/Henry_rnaseq/raw_sequences/Henry_CS_S19_L001_R1_001.fastq.gz
Henry_CS_S19	R2	/n/holylfs05/LABS/hopkins_lab/Lab/RAW_DATA/_incoming/raw_rnaseq-Phlox_resources/Henry_rnaseq/raw_sequences/Henry_CS_S19_L001_R2_001.fastq.gz
Henry_CS_S19	R1	/n/holylfs05/LABS/hopkins_lab/Lab/RAW_DATA/_incoming/raw_rnaseq-Phlox_resources/Henry_rnaseq/raw_sequences/Henry_CS_S19_L002_R1_001.fastq.gz
Henry_CS_S19	R2	/n/holylfs05/LABS/hopkins_lab/Lab/RAW_DATA/_incoming/raw_rnaseq-Phlox_resources/Henry_rnaseq/raw_sequences/Henry_CS_S19_L002_R2_001.fastq.gz
Henry_DIN_S26	R1	/n/holylfs05/LABS/hopkins_lab/Lab/RAW_DATA/_incoming/raw_rnaseq-Phlox_resources/Henry_rnaseq/raw_sequences/Henry_DIN_S26_L001_R1_001.fastq.gz
Henry_DIN_S26	R2	/n/holylfs05/LABS/hopkins_lab/Lab/RAW_DATA/_incoming/raw_rnaseq-Phlox_resources/Henry_rnaseq/raw_sequences/Henry_DIN_S26_L001_R2_001.fastq.gz
Henry_DIN_S26	R1	/n/holylfs05/LABS/hopkins_lab/Lab/RAW_DATA/_incoming/raw_rnaseq-Phlox_resources/Henry_rnaseq/raw_sequences/Henry_DIN_S26_L002_R1_001.fastq.gz
Henry_DIN_S26	R2	/n/holylfs05/LABS/hopkins_lab/Lab/RAW_DATA/_incoming/raw_rnaseq-Phlox_resources/Henry_rnaseq/raw_sequences/Henry_DIN_S26_L002_R2_001.fastq.gz
Henry_DIS_S25	R1	/n/holylfs05/LABS/hopkins_lab/Lab/RAW_DATA/_incoming/raw_rnaseq-Phlox_resources/Henry_rnaseq/raw_sequences/Henry_DIS_S25_L001_R1_001.fastq.gz
Henry_DIS_S25	R2	/n/holylfs05/LABS/hopkins_lab/Lab/RAW_DATA/_incoming/raw_rnaseq-Phlox_resources/Henry_rnaseq/raw_sequences/Henry_DIS_S25_L001_R2_001.fastq.gz
Henry_DIS_S25	R1	/n/holylfs05/LABS/hopkins_lab/Lab/RAW_DATA/_incoming/raw_rnaseq-Phlox_resources/Henry_rnaseq/raw_sequences/Henry_DIS_S25_L002_R1_001.fastq.gz
Henry_DIS_S25	R2	/n/holylfs05/LABS/hopkins_lab/Lab/RAW_DATA/_incoming/raw_rnaseq-Phlox_resources/Henry_rnaseq/raw_sequences/Henry_DIS_S25_L002_R2_001.fastq.gz
Henry_DO_S24	R1	/n/holylfs05/LABS/hopkins_lab/Lab/RAW_DATA/_incoming/raw_rnaseq-Phlox_resources/Henry_rnaseq/raw_sequences/Henry_DO_S24_L001_R1_001.fastq.gz
Henry_DO_S24	R2	/n/holylfs05/LABS/hopkins_lab/Lab/RAW_DATA/_incoming/raw_rnaseq-Phlox_resources/Henry_rnaseq/raw_sequences/Henry_DO_S24_L001_R2_001.fastq.gz
Henry_DO_S24	R1	/n/holylfs05/LABS/hopkins_lab/Lab/RAW_DATA/_incoming/raw_rnaseq-Phlox_resources/Henry_rnaseq/raw_sequences/Henry_DO_S24_L002_R1_001.fastq.gz
Henry_DO_S24	R2	/n/holylfs05/LABS/hopkins_lab/Lab/RAW_DATA/_incoming/raw_rnaseq-Phlox_resources/Henry_rnaseq/raw_sequences/Henry_DO_S24_L002_R2_001.fastq.gz
Henry_DS_S23	R1	/n/holylfs05/LABS/hopkins_lab/Lab/RAW_DATA/_incoming/raw_rnaseq-Phlox_resources/Henry_rnaseq/raw_sequences/Henry_DS_S23_L001_R1_001.fastq.gz
Henry_DS_S23	R2	/n/holylfs05/LABS/hopkins_lab/Lab/RAW_DATA/_incoming/raw_rnaseq-Phlox_resources/Henry_rnaseq/raw_sequences/Henry_DS_S23_L001_R2_001.fastq.gz
Henry_DS_S23	R1	/n/holylfs05/LABS/hopkins_lab/Lab/RAW_DATA/_incoming/raw_rnaseq-Phlox_resources/Henry_rnaseq/raw_sequences/Henry_DS_S23_L002_R1_001.fastq.gz
Henry_DS_S23	R2	/n/holylfs05/LABS/hopkins_lab/Lab/RAW_DATA/_incoming/raw_rnaseq-Phlox_resources/Henry_rnaseq/raw_sequences/Henry_DS_S23_L002_R2_001.fastq.gz
Henry_EIN_S10	R1	/n/holylfs05/LABS/hopkins_lab/Lab/RAW_DATA/_incoming/raw_rnaseq-Phlox_resources/Henry_rnaseq/raw_sequences/Henry_EIN_S10_L001_R1_001.fastq.gz
Henry_EIN_S10	R2	/n/holylfs05/LABS/hopkins_lab/Lab/RAW_DATA/_incoming/raw_rnaseq-Phlox_resources/Henry_rnaseq/raw_sequences/Henry_EIN_S10_L001_R2_001.fastq.gz
Henry_EIN_S10	R1	/n/holylfs05/LABS/hopkins_lab/Lab/RAW_DATA/_incoming/raw_rnaseq-Phlox_resources/Henry_rnaseq/raw_sequences/Henry_EIN_S10_L002_R1_001.fastq.gz
Henry_EIN_S10	R2	/n/holylfs05/LABS/hopkins_lab/Lab/RAW_DATA/_incoming/raw_rnaseq-Phlox_resources/Henry_rnaseq/raw_sequences/Henry_EIN_S10_L002_R2_001.fastq.gz
Henry_EIS_S9	R1	/n/holylfs05/LABS/hopkins_lab/Lab/RAW_DATA/_incoming/raw_rnaseq-Phlox_resources/Henry_rnaseq/raw_sequences/Henry_EIS_S9_L001_R1_001.fastq.gz
Henry_EIS_S9	R2	/n/holylfs05/LABS/hopkins_lab/Lab/RAW_DATA/_incoming/raw_rnaseq-Phlox_resources/Henry_rnaseq/raw_sequences/Henry_EIS_S9_L001_R2_001.fastq.gz
Henry_EIS_S9	R1	/n/holylfs05/LABS/hopkins_lab/Lab/RAW_DATA/_incoming/raw_rnaseq-Phlox_resources/Henry_rnaseq/raw_sequences/Henry_EIS_S9_L002_R1_001.fastq.gz
Henry_EIS_S9	R2	/n/holylfs05/LABS/hopkins_lab/Lab/RAW_DATA/_incoming/raw_rnaseq-Phlox_resources/Henry_rnaseq/raw_sequences/Henry_EIS_S9_L002_R2_001.fastq.gz
Henry_EO_S8	R1	/n/holylfs05/LABS/hopkins_lab/Lab/RAW_DATA/_incoming/raw_rnaseq-Phlox_resources/Henry_rnaseq/raw_sequences/Henry_EO_S8_L001_R1_001.fastq.gz
Henry_EO_S8	R2	/n/holylfs05/LABS/hopkins_lab/Lab/RAW_DATA/_incoming/raw_rnaseq-Phlox_resources/Henry_rnaseq/raw_sequences/Henry_EO_S8_L001_R2_001.fastq.gz
Henry_EO_S8	R1	/n/holylfs05/LABS/hopkins_lab/Lab/RAW_DATA/_incoming/raw_rnaseq-Phlox_resources/Henry_rnaseq/raw_sequences/Henry_EO_S8_L002_R1_001.fastq.gz
Henry_EO_S8	R2	/n/holylfs05/LABS/hopkins_lab/Lab/RAW_DATA/_incoming/raw_rnaseq-Phlox_resources/Henry_rnaseq/raw_sequences/Henry_EO_S8_L002_R2_001.fastq.gz
Henry_ES_S7	R1	/n/holylfs05/LABS/hopkins_lab/Lab/RAW_DATA/_incoming/raw_rnaseq-Phlox_resources/Henry_rnaseq/raw_sequences/Henry_ES_S7_L001_R1_001.fastq.gz
Henry_ES_S7	R2	/n/holylfs05/LABS/hopkins_lab/Lab/RAW_DATA/_incoming/raw_rnaseq-Phlox_resources/Henry_rnaseq/raw_sequences/Henry_ES_S7_L001_R2_001.fastq.gz
Henry_ES_S7	R1	/n/holylfs05/LABS/hopkins_lab/Lab/RAW_DATA/_incoming/raw_rnaseq-Phlox_resources/Henry_rnaseq/raw_sequences/Henry_ES_S7_L002_R1_001.fastq.gz
Henry_ES_S7	R2	/n/holylfs05/LABS/hopkins_lab/Lab/RAW_DATA/_incoming/raw_rnaseq-Phlox_resources/Henry_rnaseq/raw_sequences/Henry_ES_S7_L002_R2_001.fastq.gz
Henry_FH_S6	R1	/n/holylfs05/LABS/hopkins_lab/Lab/RAW_DATA/_incoming/raw_rnaseq-Phlox_resources/Henry_rnaseq/raw_sequences/Henry_FH_S6_L001_R1_001.fastq.gz
Henry_FH_S6	R2	/n/holylfs05/LABS/hopkins_lab/Lab/RAW_DATA/_incoming/raw_rnaseq-Phlox_resources/Henry_rnaseq/raw_sequences/Henry_FH_S6_L001_R2_001.fastq.gz
Henry_FH_S6	R1	/n/holylfs05/LABS/hopkins_lab/Lab/RAW_DATA/_incoming/raw_rnaseq-Phlox_resources/Henry_rnaseq/raw_sequences/Henry_FH_S6_L002_R1_001.fastq.gz
Henry_FH_S6	R2	/n/holylfs05/LABS/hopkins_lab/Lab/RAW_DATA/_incoming/raw_rnaseq-Phlox_resources/Henry_rnaseq/raw_sequences/Henry_FH_S6_L002_R2_001.fastq.gz
Henry_FIN_S14	R1	/n/holylfs05/LABS/hopkins_lab/Lab/RAW_DATA/_incoming/raw_rnaseq-Phlox_resources/Henry_rnaseq/raw_sequences/Henry_FIN_S14_L001_R1_001.fastq.gz
Henry_FIN_S14	R2	/n/holylfs05/LABS/hopkins_lab/Lab/RAW_DATA/_incoming/raw_rnaseq-Phlox_resources/Henry_rnaseq/raw_sequences/Henry_FIN_S14_L001_R2_001.fastq.gz
Henry_FIN_S14	R1	/n/holylfs05/LABS/hopkins_lab/Lab/RAW_DATA/_incoming/raw_rnaseq-Phlox_resources/Henry_rnaseq/raw_sequences/Henry_FIN_S14_L002_R1_001.fastq.gz
Henry_FIN_S14	R2	/n/holylfs05/LABS/hopkins_lab/Lab/RAW_DATA/_incoming/raw_rnaseq-Phlox_resources/Henry_rnaseq/raw_sequences/Henry_FIN_S14_L002_R2_001.fastq.gz
Henry_FIS_S13	R1	/n/holylfs05/LABS/hopkins_lab/Lab/RAW_DATA/_incoming/raw_rnaseq-Phlox_resources/Henry_rnaseq/raw_sequences/Henry_FIS_S13_L001_R1_001.fastq.gz
Henry_FIS_S13	R2	/n/holylfs05/LABS/hopkins_lab/Lab/RAW_DATA/_incoming/raw_rnaseq-Phlox_resources/Henry_rnaseq/raw_sequences/Henry_FIS_S13_L001_R2_001.fastq.gz
Henry_FIS_S13	R1	/n/holylfs05/LABS/hopkins_lab/Lab/RAW_DATA/_incoming/raw_rnaseq-Phlox_resources/Henry_rnaseq/raw_sequences/Henry_FIS_S13_L002_R1_001.fastq.gz
Henry_FIS_S13	R2	/n/holylfs05/LABS/hopkins_lab/Lab/RAW_DATA/_incoming/raw_rnaseq-Phlox_resources/Henry_rnaseq/raw_sequences/Henry_FIS_S13_L002_R2_001.fastq.gz
Henry_FO_S12	R1	/n/holylfs05/LABS/hopkins_lab/Lab/RAW_DATA/_incoming/raw_rnaseq-Phlox_resources/Henry_rnaseq/raw_sequences/Henry_FO_S12_L001_R1_001.fastq.gz
Henry_FO_S12	R2	/n/holylfs05/LABS/hopkins_lab/Lab/RAW_DATA/_incoming/raw_rnaseq-Phlox_resources/Henry_rnaseq/raw_sequences/Henry_FO_S12_L001_R2_001.fastq.gz
Henry_FO_S12	R1	/n/holylfs05/LABS/hopkins_lab/Lab/RAW_DATA/_incoming/raw_rnaseq-Phlox_resources/Henry_rnaseq/raw_sequences/Henry_FO_S12_L002_R1_001.fastq.gz
Henry_FO_S12	R2	/n/holylfs05/LABS/hopkins_lab/Lab/RAW_DATA/_incoming/raw_rnaseq-Phlox_resources/Henry_rnaseq/raw_sequences/Henry_FO_S12_L002_R2_001.fastq.gz
Henry_FS_S11	R1	/n/holylfs05/LABS/hopkins_lab/Lab/RAW_DATA/_incoming/raw_rnaseq-Phlox_resources/Henry_rnaseq/raw_sequences/Henry_FS_S11_L001_R1_001.fastq.gz
Henry_FS_S11	R2	/n/holylfs05/LABS/hopkins_lab/Lab/RAW_DATA/_incoming/raw_rnaseq-Phlox_resources/Henry_rnaseq/raw_sequences/Henry_FS_S11_L001_R2_001.fastq.gz
Henry_FS_S11	R1	/n/holylfs05/LABS/hopkins_lab/Lab/RAW_DATA/_incoming/raw_rnaseq-Phlox_resources/Henry_rnaseq/raw_sequences/Henry_FS_S11_L002_R1_001.fastq.gz
Henry_FS_S11	R2	/n/holylfs05/LABS/hopkins_lab/Lab/RAW_DATA/_incoming/raw_rnaseq-Phlox_resources/Henry_rnaseq/raw_sequences/Henry_FS_S11_L002_R2_001.fastq.gz
PREP0188_GBurg13348A_D06v1_C_36_anthers_S4	R1	/n/holylfs05/LABS/hopkins_lab/Lab/Users/gburgin/april22_rnaseq/PREP0188_GBurg13348A_D06v1_C_36_anthers_S4_L003_R1_001.fastq.gz
PREP0188_GBurg13348A_D06v1_C_36_anthers_S4	R2	/n/holylfs05/LABS/hopkins_lab/Lab/Users/gburgin/april22_rnaseq/PREP0188_GBurg13348A_D06v1_C_36_anthers_S4_L003_R2_001.fastq.gz
PREP0188_GBurg13348A_D06v1_C_36_anthers_S4	R1	/n/holylfs05/LABS/hopkins_lab/Lab/Users/gburgin/april22_rnaseq/PREP0188_GBurg13348A_D06v1_C_36_anthers_S4_L004_R1_001.fastq.gz
PREP0188_GBurg13348A_D06v1_C_36_anthers_S4	R2	/n/holylfs05/LABS/hopkins_lab/Lab/Users/gburgin/april22_rnaseq/PREP0188_GBurg13348A_D06v1_C_36_anthers_S4_L004_R2_001.fastq.gz
PREP0188_GBurg13348A_E07v1_C_36_pollen__S13	R1	/n/holylfs05/LABS/hopkins_lab/Lab/Users/gburgin/april22_rnaseq/PREP0188_GBurg13348A_E07v1_C_36_pollen__S13_L003_R1_001.fastq.gz
PREP0188_GBurg13348A_E07v1_C_36_pollen__S13	R2	/n/holylfs05/LABS/hopkins_lab/Lab/Users/gburgin/april22_rnaseq/PREP0188_GBurg13348A_E07v1_C_36_pollen__S13_L003_R2_001.fastq.gz
PREP0188_GBurg13348A_E07v1_C_36_pollen__S13	R1	/n/holylfs05/LABS/hopkins_lab/Lab/Users/gburgin/april22_rnaseq/PREP0188_GBurg13348A_E07v1_C_36_pollen__S13_L004_R1_001.fastq.gz
PREP0188_GBurg13348A_E07v1_C_36_pollen__S13	R2	/n/holylfs05/LABS/hopkins_lab/Lab/Users/gburgin/april22_rnaseq/PREP0188_GBurg13348A_E07v1_C_36_pollen__S13_L004_R2_001.fastq.gz
PREP0188_GBurg13348A_G07v1_C_31_B_pistil_S19	R1	/n/holylfs05/LABS/hopkins_lab/Lab/Users/gburgin/april22_rnaseq/PREP0188_GBurg13348A_G07v1_C_31_B_pistil_S19_L003_R1_001.fastq.gz
PREP0188_GBurg13348A_G07v1_C_31_B_pistil_S19	R2	/n/holylfs05/LABS/hopkins_lab/Lab/Users/gburgin/april22_rnaseq/PREP0188_GBurg13348A_G07v1_C_31_B_pistil_S19_L003_R2_001.fastq.gz
PREP0188_GBurg13348A_G07v1_C_31_B_pistil_S19	R1	/n/holylfs05/LABS/hopkins_lab/Lab/Users/gburgin/april22_rnaseq/PREP0188_GBurg13348A_G07v1_C_31_B_pistil_S19_L004_R1_001.fastq.gz
PREP0188_GBurg13348A_G07v1_C_31_B_pistil_S19	R2	/n/holylfs05/LABS/hopkins_lab/Lab/Users/gburgin/april22_rnaseq/PREP0188_GBurg13348A_G07v1_C_31_B_pistil_S19_L004_R2_001.fastq.gz
PREP0188_GBurg13348A_H07v1_C_39_pistil_S20	R1	/n/holylfs05/LABS/hopkins_lab/Lab/Users/gburgin/april22_rnaseq/PREP0188_GBurg13348A_H07v1_C_39_pistil_S20_L003_R1_001.fastq.gz
PREP0188_GBurg13348A_H07v1_C_39_pistil_S20	R2	/n/holylfs05/LABS/hopkins_lab/Lab/Users/gburgin/april22_rnaseq/PREP0188_GBurg13348A_H07v1_C_39_pistil_S20_L003_R2_001.fastq.gz
PREP0188_GBurg13348A_H07v1_C_39_pistil_S20	R1	/n/holylfs05/LABS/hopkins_lab/Lab/Users/gburgin/april22_rnaseq/PREP0188_GBurg13348A_H07v1_C_39_pistil_S20_L004_R1_001.fastq.gz
PREP0188_GBurg13348A_H07v1_C_39_pistil_S20	R2	/n/holylfs05/LABS/hopkins_lab/Lab/Users/gburgin/april22_rnaseq/PREP0188_GBurg13348A_H07v1_C_39_pistil_S20_L004_R2_001.fastq.gz
PREP0188_GBurg13348A_A06v1_I_20_anthers_S1	R1	/n/holylfs05/LABS/hopkins_lab/Lab/Users/gburgin/april22_rnaseq/raw_reads/PREP0188_GBurg13348A_A06v1_I_20_anthers_S1_L003_R1_001.fastq.gz
PREP0188_GBurg13348A_A06v1_I_20_anthers_S1	R2	/n/holylfs05/LABS/hopkins_lab/Lab/Users/gburgin/april22_rnaseq/raw_reads/PREP0188_GBurg13348A_A06v1_I_20_anthers_S1_L003_R2_001.fastq.gz
PREP0188_GBurg13348A_A06v1_I_20_anthers_S1	R1	/n/holylfs05/LABS/hopkins_lab/Lab/Users/gburgin/april22_rnaseq/raw_reads/PREP0188_GBurg13348A_A06v1_I_20_anthers_S1_L004_R1_001.fastq.gz
PREP0188_GBurg13348A_A06v1_I_20_anthers_S1	R2	/n/holylfs05/LABS/hopkins_lab/Lab/Users/gburgin/april22_rnaseq/raw_reads/PREP0188_GBurg13348A_A06v1_I_20_anthers_S1_L004_R2_001.fastq.gz
PREP0188_GBurg13348A_A07v1_I_32_leaf_S9	R1	/n/holylfs05/LABS/hopkins_lab/Lab/Users/gburgin/april22_rnaseq/raw_reads/PREP0188_GBurg13348A_A07v1_I_32_leaf_S9_L003_R1_001.fastq.gz
PREP0188_GBurg13348A_A07v1_I_32_leaf_S9	R2	/n/holylfs05/LABS/hopkins_lab/Lab/Users/gburgin/april22_rnaseq/raw_reads/PREP0188_GBurg13348A_A07v1_I_32_leaf_S9_L003_R2_001.fastq.gz
PREP0188_GBurg13348A_A07v1_I_32_leaf_S9	R1	/n/holylfs05/LABS/hopkins_lab/Lab/Users/gburgin/april22_rnaseq/raw_reads/PREP0188_GBurg13348A_A07v1_I_32_leaf_S9_L004_R1_001.fastq.gz
PREP0188_GBurg13348A_A07v1_I_32_leaf_S9	R2	/n/holylfs05/LABS/hopkins_lab/Lab/Users/gburgin/april22_rnaseq/raw_reads/PREP0188_GBurg13348A_A07v1_I_32_leaf_S9_L004_R2_001.fastq.gz
PREP0188_GBurg13348A_A08v1_I_32_pistil_S21	R1	/n/holylfs05/LABS/hopkins_lab/Lab/Users/gburgin/april22_rnaseq/raw_reads/PREP0188_GBurg13348A_A08v1_I_32_pistil_S21_L003_R1_001.fastq.gz
PREP0188_GBurg13348A_A08v1_I_32_pistil_S21	R2	/n/holylfs05/LABS/hopkins_lab/Lab/Users/gburgin/april22_rnaseq/raw_reads/PREP0188_GBurg13348A_A08v1_I_32_pistil_S21_L003_R2_001.fastq.gz
PREP0188_GBurg13348A_A08v1_I_32_pistil_S21	R1	/n/holylfs05/LABS/hopkins_lab/Lab/Users/gburgin/april22_rnaseq/raw_reads/PREP0188_GBurg13348A_A08v1_I_32_pistil_S21_L004_R1_001.fastq.gz
PREP0188_GBurg13348A_A08v1_I_32_pistil_S21	R2	/n/holylfs05/LABS/hopkins_lab/Lab/Users/gburgin/april22_rnaseq/raw_reads/PREP0188_GBurg13348A_A08v1_I_32_pistil_S21_L004_R2_001.fastq.gz
PREP0188_GBurg13348A_B06v1_I_32_anthers_S2	R1	/n/holylfs05/LABS/hopkins_lab/Lab/Users/gburgin/april22_rnaseq/raw_reads/PREP0188_GBurg13348A_B06v1_I_32_anthers_S2_L003_R1_001.fastq.gz
PREP0188_GBurg13348A_B06v1_I_32_anthers_S2	R2	/n/holylfs05/LABS/hopkins_lab/Lab/Users/gburgin/april22_rnaseq/raw_reads/PREP0188_GBurg13348A_B06v1_I_32_anthers_S2_L003_R2_001.fastq.gz
PREP0188_GBurg13348A_B06v1_I_32_anthers_S2	R1	/n/holylfs05/LABS/hopkins_lab/Lab/Users/gburgin/april22_rnaseq/raw_reads/PREP0188_GBurg13348A_B06v1_I_32_anthers_S2_L004_R1_001.fastq.gz
PREP0188_GBurg13348A_B06v1_I_32_anthers_S2	R2	/n/holylfs05/LABS/hopkins_lab/Lab/Users/gburgin/april22_rnaseq/raw_reads/PREP0188_GBurg13348A_B06v1_I_32_anthers_S2_L004_R2_001.fastq.gz
PREP0188_GBurg13348A_B07v1_C_36_leaf_S10	R1	/n/holylfs05/LABS/hopkins_lab/Lab/Users/gburgin/april22_rnaseq/raw_reads/PREP0188_GBurg13348A_B07v1_C_36_leaf_S10_L003_R1_001.fastq.gz
PREP0188_GBurg13348A_B07v1_C_36_leaf_S10	R2	/n/holylfs05/LABS/hopkins_lab/Lab/Users/gburgin/april22_rnaseq/raw_reads/PREP0188_GBurg13348A_B07v1_C_36_leaf_S10_L003_R2_001.fastq.gz
PREP0188_GBurg13348A_B07v1_C_36_leaf_S10	R1	/n/holylfs05/LABS/hopkins_lab/Lab/Users/gburgin/april22_rnaseq/raw_reads/PREP0188_GBurg13348A_B07v1_C_36_leaf_S10_L004_R1_001.fastq.gz
PREP0188_GBurg13348A_B07v1_C_36_leaf_S10	R2	/n/holylfs05/LABS/hopkins_lab/Lab/Users/gburgin/april22_rnaseq/raw_reads/PREP0188_GBurg13348A_B07v1_C_36_leaf_S10_L004_R2_001.fastq.gz
PREP0188_GBurg13348A_B08v1_C_36_pistil_S22	R1	/n/holylfs05/LABS/hopkins_lab/Lab/Users/gburgin/april22_rnaseq/raw_reads/PREP0188_GBurg13348A_B08v1_C_36_pistil_S22_L003_R1_001.fastq.gz
PREP0188_GBurg13348A_B08v1_C_36_pistil_S22	R2	/n/holylfs05/LABS/hopkins_lab/Lab/Users/gburgin/april22_rnaseq/raw_reads/PREP0188_GBurg13348A_B08v1_C_36_pistil_S22_L003_R2_001.fastq.gz
PREP0188_GBurg13348A_B08v1_C_36_pistil_S22	R1	/n/holylfs05/LABS/hopkins_lab/Lab/Users/gburgin/april22_rnaseq/raw_reads/PREP0188_GBurg13348A_B08v1_C_36_pistil_S22_L004_R1_001.fastq.gz
PREP0188_GBurg13348A_B08v1_C_36_pistil_S22	R2	/n/holylfs05/LABS/hopkins_lab/Lab/Users/gburgin/april22_rnaseq/raw_reads/PREP0188_GBurg13348A_B08v1_C_36_pistil_S22_L004_R2_001.fastq.gz
PREP0188_GBurg13348A_C06v1_C_31_B_anthers_S3	R1	/n/holylfs05/LABS/hopkins_lab/Lab/Users/gburgin/april22_rnaseq/raw_reads/PREP0188_GBurg13348A_C06v1_C_31_B_anthers_S3_L003_R1_001.fastq.gz
PREP0188_GBurg13348A_C06v1_C_31_B_anthers_S3	R2	/n/holylfs05/LABS/hopkins_lab/Lab/Users/gburgin/april22_rnaseq/raw_reads/PREP0188_GBurg13348A_C06v1_C_31_B_anthers_S3_L003_R2_001.fastq.gz
PREP0188_GBurg13348A_C06v1_C_31_B_anthers_S3	R1	/n/holylfs05/LABS/hopkins_lab/Lab/Users/gburgin/april22_rnaseq/raw_reads/PREP0188_GBurg13348A_C06v1_C_31_B_anthers_S3_L004_R1_001.fastq.gz
PREP0188_GBurg13348A_C06v1_C_31_B_anthers_S3	R2	/n/holylfs05/LABS/hopkins_lab/Lab/Users/gburgin/april22_rnaseq/raw_reads/PREP0188_GBurg13348A_C06v1_C_31_B_anthers_S3_L004_R2_001.fastq.gz
PREP0188_GBurg13348A_C07v1_I_15_pollen_S11	R1	/n/holylfs05/LABS/hopkins_lab/Lab/Users/gburgin/april22_rnaseq/raw_reads/PREP0188_GBurg13348A_C07v1_I_15_pollen_S11_L003_R1_001.fastq.gz
PREP0188_GBurg13348A_C07v1_I_15_pollen_S11	R2	/n/holylfs05/LABS/hopkins_lab/Lab/Users/gburgin/april22_rnaseq/raw_reads/PREP0188_GBurg13348A_C07v1_I_15_pollen_S11_L003_R2_001.fastq.gz
PREP0188_GBurg13348A_C07v1_I_15_pollen_S11	R1	/n/holylfs05/LABS/hopkins_lab/Lab/Users/gburgin/april22_rnaseq/raw_reads/PREP0188_GBurg13348A_C07v1_I_15_pollen_S11_L004_R1_001.fastq.gz
PREP0188_GBurg13348A_C07v1_I_15_pollen_S11	R2	/n/holylfs05/LABS/hopkins_lab/Lab/Users/gburgin/april22_rnaseq/raw_reads/PREP0188_GBurg13348A_C07v1_I_15_pollen_S11_L004_R2_001.fastq.gz
PREP0188_GBurg13348A_C08v1_I_6_SC_pistil_S23	R1	/n/holylfs05/LABS/hopkins_lab/Lab/Users/gburgin/april22_rnaseq/raw_reads/PREP0188_GBurg13348A_C08v1_I_6_SC_pistil_S23_L003_R1_001.fastq.gz
PREP0188_GBurg13348A_C08v1_I_6_SC_pistil_S23	R2	/n/holylfs05/LABS/hopkins_lab/Lab/Users/gburgin/april22_rnaseq/raw_reads/PREP0188_GBurg13348A_C08v1_I_6_SC_pistil_S23_L003_R2_001.fastq.gz
PREP0188_GBurg13348A_C08v1_I_6_SC_pistil_S23	R1	/n/holylfs05/LABS/hopkins_lab/Lab/Users/gburgin/april22_rnaseq/raw_reads/PREP0188_GBurg13348A_C08v1_I_6_SC_pistil_S23_L004_R1_001.fastq.gz
PREP0188_GBurg13348A_C08v1_I_6_SC_pistil_S23	R2	/n/holylfs05/LABS/hopkins_lab/Lab/Users/gburgin/april22_rnaseq/raw_reads/PREP0188_GBurg13348A_C08v1_I_6_SC_pistil_S23_L004_R2_001.fastq.gz
PREP0188_GBurg13348A_D07v1_I_32_pollen_S12	R1	/n/holylfs05/LABS/hopkins_lab/Lab/Users/gburgin/april22_rnaseq/raw_reads/PREP0188_GBurg13348A_D07v1_I_32_pollen_S12_L003_R1_001.fastq.gz
PREP0188_GBurg13348A_D07v1_I_32_pollen_S12	R2	/n/holylfs05/LABS/hopkins_lab/Lab/Users/gburgin/april22_rnaseq/raw_reads/PREP0188_GBurg13348A_D07v1_I_32_pollen_S12_L003_R2_001.fastq.gz
PREP0188_GBurg13348A_D07v1_I_32_pollen_S12	R1	/n/holylfs05/LABS/hopkins_lab/Lab/Users/gburgin/april22_rnaseq/raw_reads/PREP0188_GBurg13348A_D07v1_I_32_pollen_S12_L004_R1_001.fastq.gz
PREP0188_GBurg13348A_D07v1_I_32_pollen_S12	R2	/n/holylfs05/LABS/hopkins_lab/Lab/Users/gburgin/april22_rnaseq/raw_reads/PREP0188_GBurg13348A_D07v1_I_32_pollen_S12_L004_R2_001.fastq.gz
PREP0188_GBurg13348A_D08v1_I_20_pistil_S24	R1	/n/holylfs05/LABS/hopkins_lab/Lab/Users/gburgin/april22_rnaseq/raw_reads/PREP0188_GBurg13348A_D08v1_I_20_pistil_S24_L003_R1_001.fastq.gz
PREP0188_GBurg13348A_D08v1_I_20_pistil_S24	R2	/n/holylfs05/LABS/hopkins_lab/Lab/Users/gburgin/april22_rnaseq/raw_reads/PREP0188_GBurg13348A_D08v1_I_20_pistil_S24_L003_R2_001.fastq.gz
PREP0188_GBurg13348A_D08v1_I_20_pistil_S24	R1	/n/holylfs05/LABS/hopkins_lab/Lab/Users/gburgin/april22_rnaseq/raw_reads/PREP0188_GBurg13348A_D08v1_I_20_pistil_S24_L004_R1_001.fastq.gz
PREP0188_GBurg13348A_D08v1_I_20_pistil_S24	R2	/n/holylfs05/LABS/hopkins_lab/Lab/Users/gburgin/april22_rnaseq/raw_reads/PREP0188_GBurg13348A_D08v1_I_20_pistil_S24_L004_R2_001.fastq.gz
PREP0188_GBurg13348A_E06v1_I_20_stem_S5	R1	/n/holylfs05/LABS/hopkins_lab/Lab/Users/gburgin/april22_rnaseq/raw_reads/PREP0188_GBurg13348A_E06v1_I_20_stem_S5_L003_R1_001.fastq.gz
PREP0188_GBurg13348A_E06v1_I_20_stem_S5	R2	/n/holylfs05/LABS/hopkins_lab/Lab/Users/gburgin/april22_rnaseq/raw_reads/PREP0188_GBurg13348A_E06v1_I_20_stem_S5_L003_R2_001.fastq.gz
PREP0188_GBurg13348A_E06v1_I_20_stem_S5	R1	/n/holylfs05/LABS/hopkins_lab/Lab/Users/gburgin/april22_rnaseq/raw_reads/PREP0188_GBurg13348A_E06v1_I_20_stem_S5_L004_R1_001.fastq.gz
PREP0188_GBurg13348A_E06v1_I_20_stem_S5	R2	/n/holylfs05/LABS/hopkins_lab/Lab/Users/gburgin/april22_rnaseq/raw_reads/PREP0188_GBurg13348A_E06v1_I_20_stem_S5_L004_R2_001.fastq.gz
PREP0188_GBurg13348A_F06v1_I_32_stem_S6	R1	/n/holylfs05/LABS/hopkins_lab/Lab/Users/gburgin/april22_rnaseq/raw_reads/PREP0188_GBurg13348A_F06v1_I_32_stem_S6_L003_R1_001.fastq.gz
PREP0188_GBurg13348A_F06v1_I_32_stem_S6	R2	/n/holylfs05/LABS/hopkins_lab/Lab/Users/gburgin/april22_rnaseq/raw_reads/PREP0188_GBurg13348A_F06v1_I_32_stem_S6_L003_R2_001.fastq.gz
PREP0188_GBurg13348A_F06v1_I_32_stem_S6	R1	/n/holylfs05/LABS/hopkins_lab/Lab/Users/gburgin/april22_rnaseq/raw_reads/PREP0188_GBurg13348A_F06v1_I_32_stem_S6_L004_R1_001.fastq.gz
PREP0188_GBurg13348A_F06v1_I_32_stem_S6	R2	/n/holylfs05/LABS/hopkins_lab/Lab/Users/gburgin/april22_rnaseq/raw_reads/PREP0188_GBurg13348A_F06v1_I_32_stem_S6_L004_R2_001.fastq.gz
PREP0188_GBurg13348A_F07v1_C_39_pollen__S14	R1	/n/holylfs05/LABS/hopkins_lab/Lab/Users/gburgin/april22_rnaseq/raw_reads/PREP0188_GBurg13348A_F07v1_C_39_pollen__S14_L003_R1_001.fastq.gz
PREP0188_GBurg13348A_F07v1_C_39_pollen__S14	R2	/n/holylfs05/LABS/hopkins_lab/Lab/Users/gburgin/april22_rnaseq/raw_reads/PREP0188_GBurg13348A_F07v1_C_39_pollen__S14_L003_R2_001.fastq.gz
PREP0188_GBurg13348A_F07v1_C_39_pollen__S14	R1	/n/holylfs05/LABS/hopkins_lab/Lab/Users/gburgin/april22_rnaseq/raw_reads/PREP0188_GBurg13348A_F07v1_C_39_pollen__S14_L004_R1_001.fastq.gz
PREP0188_GBurg13348A_F07v1_C_39_pollen__S14	R2	/n/holylfs05/LABS/hopkins_lab/Lab/Users/gburgin/april22_rnaseq/raw_reads/PREP0188_GBurg13348A_F07v1_C_39_pollen__S14_L004_R2_001.fastq.gz
PREP0188_GBurg13348A_G06v1_C_31_B_stem_S7	R1	/n/holylfs05/LABS/hopkins_lab/Lab/Users/gburgin/april22_rnaseq/raw_reads/PREP0188_GBurg13348A_G06v1_C_31_B_stem_S7_L003_R1_001.fastq.gz
PREP0188_GBurg13348A_G06v1_C_31_B_stem_S7	R2	/n/holylfs05/LABS/hopkins_lab/Lab/Users/gburgin/april22_rnaseq/raw_reads/PREP0188_GBurg13348A_G06v1_C_31_B_stem_S7_L003_R2_001.fastq.gz
PREP0188_GBurg13348A_G06v1_C_31_B_stem_S7	R1	/n/holylfs05/LABS/hopkins_lab/Lab/Users/gburgin/april22_rnaseq/raw_reads/PREP0188_GBurg13348A_G06v1_C_31_B_stem_S7_L004_R1_001.fastq.gz
PREP0188_GBurg13348A_G06v1_C_31_B_stem_S7	R2	/n/holylfs05/LABS/hopkins_lab/Lab/Users/gburgin/april22_rnaseq/raw_reads/PREP0188_GBurg13348A_G06v1_C_31_B_stem_S7_L004_R2_001.fastq.gz
PREP0188_GBurg13348A_H06v1_I_20_leaf_S8	R1	/n/holylfs05/LABS/hopkins_lab/Lab/Users/gburgin/april22_rnaseq/raw_reads/PREP0188_GBurg13348A_H06v1_I_20_leaf_S8_L003_R1_001.fastq.gz
PREP0188_GBurg13348A_H06v1_I_20_leaf_S8	R2	/n/holylfs05/LABS/hopkins_lab/Lab/Users/gburgin/april22_rnaseq/raw_reads/PREP0188_GBurg13348A_H06v1_I_20_leaf_S8_L003_R2_001.fastq.gz
PREP0188_GBurg13348A_H06v1_I_20_leaf_S8	R1	/n/holylfs05/LABS/hopkins_lab/Lab/Users/gburgin/april22_rnaseq/raw_reads/PREP0188_GBurg13348A_H06v1_I_20_leaf_S8_L004_R1_001.fastq.gz
PREP0188_GBurg13348A_H06v1_I_20_leaf_S8	R2	/n/holylfs05/LABS/hopkins_lab/Lab/Users/gburgin/april22_rnaseq/raw_reads/PREP0188_GBurg13348A_H06v1_I_20_leaf_S8_L004_R2_001.fastq.gz
